{
    "stat": {
        "ru_self_cgstart": {
            "ru_utime_sec": 0.18027599999999999,
            "ru_minflt": 9335,
            "ru_stime_sec": 0.042770000000000002,
            "ru_nivcsw": 15,
            "ru_maxrss_kb": 141772,
            "ru_nvcsw": 347,
            "ru_majflt": 0
        },
        "ru_childs_cgstart": {
            "ru_utime_sec": 0.025225000000000001,
            "ru_minflt": 5247,
            "ru_stime_sec": 0.039039999999999998,
            "ru_nivcsw": 7,
            "ru_maxrss_kb": 141772,
            "ru_nvcsw": 52,
            "ru_majflt": 0
        },
        "outputSizePerQuad": 207.75084175084174,
        "ru_self_end": {
            "ru_utime_sec": 0.22303400000000001,
            "ru_minflt": 10216,
            "ru_stime_sec": 0.056056000000000002,
            "ru_nivcsw": 20,
            "ru_maxrss_kb": 147108,
            "ru_nvcsw": 490,
            "ru_majflt": 0
        },
        "cpu_cycles_cgstart": 1277052745855689,
        "nMops": 3033,
        "nQuads": 1485,
        "totalObjSize": 308510,
        "ru_childs_end": {
            "ru_utime_sec": 0.025225000000000001,
            "ru_minflt": 5247,
            "ru_stime_sec": 0.039039999999999998,
            "ru_nivcsw": 7,
            "ru_maxrss_kb": 141772,
            "ru_nvcsw": 52,
            "ru_majflt": 0
        },
        "cpu_cycles_end": 1277052993439523,
        "cpu_cycles_total": 1091827630,
        "mopSpeed": 70934.094204593261,
        "mop/quad": 2.0424242424242425,
        "Frontend(%)": 82.776858039386283,
        "quadSpeed": 34730.34285981569,
        "peak_mem_kb": 356612,
        "CodeGen(%)": 17.22314196061372,
        "realTime": 0.56603002548217773
    },
    "cycles_program_begin": 1277051901611893,
    "CompileStatus": "Successful",
    "PrevCompiledModules": {},
    "perf": [
        {
            "stat": [
                "main",
                "entry",
                0.019228935241699219,
                0.033779999999999998,
                0.018450000000000001,
                223544,
                223544,
                0.0,
                0.0,
                1727757930.10375,
                1277051901716651
            ],
            "sub": [
                {
                    "stat": [
                        "doParsingAndDesignResolution",
                        "entry",
                        0.091188907623291016,
                        0.065264000000000003,
                        0.021423000000000001,
                        317080,
                        317748,
                        0.0,
                        0.0,
                        1727757930.17571,
                        1277052045391381
                    ],
                    "sub": []
                },
                {
                    "stat": [
                        "doParsingAndDesignResolution",
                        "exit",
                        0.16916489601135254,
                        0.13415199999999999,
                        0.023248000000000001,
                        323152,
                        323800,
                        0.0,
                        0.0,
                        1727757930.253686,
                        1277052201098107
                    ],
                    "sub": []
                },
                {
                    "stat": [
                        "doPostDesignResolutionToVir2Vcs",
                        "entry",
                        0.17613983154296875,
                        0.13515199999999999,
                        0.023349999999999999,
                        323284,
                        323800,
                        0.0,
                        0.0,
                        1727757930.2606609,
                        1277052215018187
                    ],
                    "sub": [
                        {
                            "stat": [
                                "doUptoVir2VcsNoSepCleanup",
                                "entry",
                                0.1941218376159668,
                                0.138206,
                                0.025253999999999999,
                                323800,
                                323800,
                                0.0,
                                0.0,
                                1727757930.2786429,
                                1277052250934363
                            ],
                            "sub": []
                        },
                        {
                            "stat": [
                                "doUptoVir2VcsNoSepCleanup",
                                "exit",
                                0.37602901458740234,
                                0.17600099999999999,
                                0.037461000000000001,
                                344276,
                                356612,
                                0.012926,
                                0.019361,
                                1727757930.4605501,
                                1277052614186271
                            ],
                            "sub": []
                        },
                        {
                            "stat": [
                                "doRadify_vir2vcsAll",
                                "entry",
                                0.37607598304748535,
                                0.176041,
                                0.037470000000000003,
                                344276,
                                356612,
                                0.012926,
                                0.019361,
                                1727757930.460597,
                                1277052614231999
                            ],
                            "sub": []
                        },
                        {
                            "stat": [
                                "doRadify_vir2vcsAll",
                                "exit",
                                0.38728904724121094,
                                0.17952399999999999,
                                0.040429,
                                345172,
                                356612,
                                0.012926,
                                0.019361,
                                1727757930.4718101,
                                1277052636732437
                            ],
                            "sub": []
                        }
                    ]
                },
                {
                    "stat": [
                        "doPostDesignResolutionToVir2Vcs",
                        "exit",
                        0.38736486434936523,
                        0.179586,
                        0.040443,
                        345172,
                        356612,
                        0.012926,
                        0.019361,
                        1727757930.4718859,
                        1277052636793051
                    ],
                    "sub": []
                },
                {
                    "stat": [
                        "doGAToPass2",
                        "entry",
                        0.38739395141601562,
                        0.17960999999999999,
                        0.040447999999999998,
                        345172,
                        356612,
                        0.012926,
                        0.019361,
                        1727757930.471915,
                        1277052636843013
                    ],